Siren;Insee;Nom;Agrégat;Type de budget;Montant 2024;Montant par habitant 2024;Evolution 2023-2024 (en valeur);Evolution 2023-2024 (en %);% des dépenses de fonctionnement en 2024;% des recettes de fonctionnement en 2024;Evolution 2023-2024 (en euros par habitant);Montant cumulé 2019-2024;Montant cumulé 2019-2024 par habitant
219300290;93029;Drancy;Frais de personnel;Budget principal;66687769.38;931.1463;3934918.78;0.0627;0.61;0.5407;53.9135;362999427.57;5068.4794
219300704;93070;Saint-Ouen-sur-Seine;Frais de personnel;Budget principal;65876649.55;1235.4961;664709.77;0.0102;0.6118;0.5444;-26.9312;368791380.38;6916.5675
219300142;93014;Clichy-sous-Bois;Frais de personnel;Budget principal;30313203.75;1017.0168;1597748.77;0.0556;0.5323;0.4983;47.6861;166834918.56;5597.3602
219300159;93015;Coubron;Frais de personnel;Budget principal;3766050.69;737.4292;154029.3;0.0426;0.6337;0.5372;17.4727;20838775.3;4080.4338
219300480;93048;Montreuil;Frais de personnel;Budget principal;118192094.09;1055.0322;2339917.37;0.0202;0.6238;0.5537;20.2128;668981696.57;5971.6113
219300597;93059;Pierrefitte-sur-Seine;Frais de personnel;Budget principal;29715994.04;916.4249;1784622.95;0.0639;0.6702;0.6042;26.6924;163241483.16;5034.2775
219300621;93062;Le Raincy;Frais de personnel;Budget principal;6915650.21;459.0236;33241.54;0.0048;0.3504;0.3348;-1.3689;43008184.08;2854.6518
219300050;93005;Aulnay-sous-Bois;Frais de personnel;Budget principal;94396357.41;1091.0099;2200942.73;0.0239;0.5902;0.5501;29.7433;562223763.01;6498.044
219300068;93006;Bagnolet;Frais de personnel;Budget principal;45236020.36;1145.4187;313629.45;0.007;0.6635;0.5593;-19.2488;264279031.78;6691.7943
219300076;93007;Le Blanc-Mesnil;Frais de personnel;Budget principal;53009713.67;907.7628;907168.37;0.0174;0.6068;0.4878;11.2361;301901627.8;5169.9025
219300316;93031;Épinay-sur-Seine;Frais de personnel;Budget principal;39763407.72;741.3429;1057827.27;0.0273;0.5366;0.4592;32.0467;225986048.19;4213.2492
219300472;93047;Montfermeil;Frais de personnel;Budget principal;23826664.28;847.924;1167491.22;0.0515;0.6172;0.4889;42.7226;127168495.1;4525.5692
219300084;93008;Bobigny;Frais de personnel;Budget principal;71441528.22;1294.4416;-362241.47;-0.005;0.6582;0.5454;-9.5167;396039394.64;7175.7967
219300100;93010;Bondy;Frais de personnel;Budget principal;51139710.5;963.682;-1807765.99;-0.0341;0.6247;0.5272;-25.824;310015524.28;5841.9644
219300456;93045;Les Lilas;Frais de personnel;Budget principal;23915165.06;1013.827;379029.22;0.0161;0.6465;0.5711;7.8373;133490440.69;5659.0123
219300506;93050;Neuilly-sur-Marne;Frais de personnel;Budget principal;36607950.29;972.6069;2275758.01;0.0663;0.694;0.6124;35.5929;195448487.22;5192.712
219300712;93071;Sevran;Frais de personnel;Budget principal;52446312.21;1008.5441;2054963.86;0.0408;0.6089;0.5362;38.6777;289961649.77;5575.9711
219300274;93027;La Courneuve;Frais de personnel;Budget principal;49129269.54;1038.9154;738626.38;0.0153;0.6416;0.5813;8.2527;267146166.05;5649.2243
219300332;93033;Gournay-sur-Marne;Frais de personnel;Budget principal;6522257.72;939.2652;61130.36;0.0095;0.6452;0.5493;-0.3984;37394502.96;5385.1531
219300530;93053;Noisy-le-Sec;Frais de personnel;Budget principal;39542427.68;855.3598;736704.26;0.019;0.603;0.5178;-4.0105;217590971.42;4706.8068
219300639;93063;Romainville;Frais de personnel;Budget principal;28813712.77;864.1608;1598402.44;0.0587;0.502;0.4215;1.6612;145035980.77;4349.818
219300647;93064;Rosny-sous-Bois;Frais de personnel;Budget principal;43836851.79;955.9468;1904788.19;0.0454;0.5729;0.5113;36.8274;249990860.5;5451.5311
219300134;93013;Le Bourget;Frais de personnel;Budget principal;13698564.19;921.2215;-467315.98;-0.033;0.5248;0.5194;18.6487;80176569.27;5391.8338
219300308;93030;Dugny;Frais de personnel;Budget principal;14863789.4;1307.5114;906975.79;0.065;0.6738;0.5675;64.9176;81061807.85;7130.7009
219300399;93039;L'Île-Saint-Denis;Frais de personnel;Budget principal;8163405.55;940.1596;1248999.84;0.1806;0.5657;0.5332;142.1901;40561763.47;4671.3997
219300464;93046;Livry-Gargan;Frais de personnel;Budget principal;42423545.86;917.9009;1290059.09;0.0314;0.6549;0.5722;20.1427;235215657.51;5089.2652
219300498;93049;Neuilly-Plaisance;Frais de personnel;Budget principal;18604556.53;863.8015;905448.82;0.0512;0.6578;0.5607;23.3481;103814554.46;4820.0647
219300555;93055;Pantin;Frais de personnel;Budget principal;69048952.36;1132.7114;2754043.22;0.0415;0.6341;0.5139;38.6818;389969266.95;6397.2386
219300613;93061;Le Pré-Saint-Gervais;Frais de personnel;Budget principal;13561432.82;801.8349;673501.64;0.0523;0.5495;0.4766;58.6719;76451263.76;4520.2663
219300738;93073;Tremblay-en-France;Frais de personnel;Budget principal;66165512.56;1766.1091;2092401.58;0.0327;0.6338;0.5728;18.0091;361345452.21;9645.1381
219300787;93078;Villepinte;Frais de personnel;Budget principal;39625092.05;1021.3179;1667079.49;0.0439;0.6562;0.5655;29.807;227347259.47;5859.7675
219300019;93001;Aubervilliers;Frais de personnel;Budget principal;86236466.98;955.4334;2049048.14;0.0243;0.6351;0.5388;15.4116;461180826.69;5109.5273
219300324;93032;Gagny;Frais de personnel;Budget principal;28703506.46;709.9908;2280508.83;0.0863;0.6096;0.5227;46.3798;149921063.21;3708.3473
219300514;93051;Noisy-le-Grand;Frais de personnel;Budget principal;71039602.8;1003.7528;1364000.32;0.0196;0.6136;0.5425;-0.9133;394380047.62;5572.386
219300571;93057;Les Pavillons-sous-Bois;Frais de personnel;Budget principal;21010549.9;865.7718;1100730.16;0.0553;0.6335;0.5539;36.2997;114727625.75;4727.527
219300662;93066;Saint-Denis;Frais de personnel;Budget principal;122243110.15;1065.0024;4732788.39;0.0403;0.6639;0.5918;34.4542;700063090.46;6099.0668
219300720;93072;Stains;Frais de personnel;Budget principal;40893239.74;1011.1327;2063740.77;0.0531;0.6405;0.5989;22.5262;217794713.08;5385.2264
219300746;93074;Vaujours;Frais de personnel;Budget principal;8238368.33;1091.3192;53701.64;0.0066;0.6352;0.5998;-32.4851;45236377.76;5992.3669
219300779;93077;Villemomble;Frais de personnel;Budget principal;25401979.98;832.4697;703654.44;0.0285;0.6326;0.5947;29.6115;137536740.04;4507.3324
219300795;93079;Villetaneuse;Frais de personnel;Budget principal;12643168.15;991.4655;494409.12;0.0407;0.5836;0.5504;92.4232;70467688.61;5526.0107
